state	city_code	city	zone	section	reason
ma	07846	LAGOA GRANDE DO MARANHÃO	0074	0228	no-files
zz	29629	DACCA	0001	3014	no-files
zz	38903	CONACRI	0001	0603	no-files
zz	99236	PUERTO QUIJARRO	0001	0815	no-files
zz	29769	HARARE	0001	0126	no-files
zz	30988	SARAJEVO	0001	0725	no-files
zz	30988	SARAJEVO	0001	1354	no-files
zz	38989	IEREVAN	0001	1841	no-files
zz	39128	BAKU	0001	3208	no-files
zz	99104	TBILISI	0001	1011	no-files
zz	99147	SAINT JOHNS	0001	3049	no-files
zz	99171	BAGDÁ	0001	3126	no-files
zz	99295	PYONGYANG	0001	3485	no-files
zz	99333	ST GEORGES DE LOYAPOCK	0001	3188	no-files
zz	29424	BRIDGETOWN	0001	0054	no-files
zz	29815	IAUNDÊ	0001	0140	no-files
zz	29831	ISLAMABADE	0001	1983	no-files
zz	29963	LOMÉ	0001	0180	no-files
zz	30669	GABORONE	0001	0546	no-files
zz	99210	COBIJA	0001	3013	no-files
zz	99341	LILONGUE	0001	1308	no-files
zz	29521	CHUY	0001	0083	no-files
zz	38881	BELMOPAN	0001	0548	no-files
zz	99139	TIRANA	0001	3120	no-files
zz	99287	LUSACA	0001	1259	no-files
zz	29939	LIBREVILLE	0001	0152	no-files
zz	99384	CASTRIES	0001	2876	no-files
zz	30929	COLOMBO	0001	0722	no-files
zz	38920	COTONOU	0001	0638	no-files
zz	99198	ABUJA	0001	2947	no-files
zz	99244	RIVERA	0001	2917	no-files
zz	39241	ASTANA	0001	0714	no-files
zz	39263	MALABO	0001	0961	no-files
zz	39284	UAGADUGU	0001	0773	no-files
zz	99325	ADIS ABEBA	0001	3016	no-files
zz	99376	YANGON	0001	1315	no-files
zz	29823	IQUITOS	0001	0141	no-files
zz	29874	KINSHASA	0001	0146	no-files
zz	39187	BRAZZAVILLE	0001	0624	no-files
zz	39225	SÃO TOMÉ	0001	0931	no-files
zz	99279	SANTA ELENA DE UAIRÉN	0001	3698	no-files
zz	99350	BAMAKO	0001	1236	no-files
