state	own_sections	stored	missing	no_info	no_files
ac	2270	2270	0	0	0
al	7101	7101	0	0	0
am	8157	8157	0	0	0
ap	1914	1914	0	0	0
ba	35476	35461	15	15	0
ce	23765	23765	0	0	0
df	6969	6969	0	0	0
es	9844	9844	0	0	0
go	15686	15686	0	0	0
ma	18093	18092	1	0	1
mg	52062	51784	278	56	222
ms	7106	7106	0	0	0
mt	8287	8287	0	0	0
pa	20827	20827	0	0	0
pb	10712	10712	0	0	0
pe	21418	21418	0	0	0
pi	10225	10225	0	0	0
pr	27142	27142	0	0	0
rj	37675	37675	0	0	0
rn	8115	8115	0	0	0
ro	4698	4698	0	0	0
rr	1519	1519	0	0	0
rs	27547	27546	1	1	0
sc	17326	17326	0	0	0
se	5923	5923	0	0	0
sp	103656	102332	1324	1076	248
to	4384	4384	0	0	0
zz	1351	1277	74	41	33
